Workbook

Sheet Candidate_Management
A1: schedule_id | B1: candidate_type | C1: yield_mean_weather_kg_ha | D1: wpc_mean_weather_kg_m3 | E1: pen_mean_weather_kg_kg | F1: gnc_mean_weather_pct | G1: optimized_irrigation_excl_establishment_mm | H1: total_n_kg_ha | I1: optimized_irrigation_frequency_excl_establishment | J1: nitrogen_application_frequency | K1: notes
A2: COMP | B2: Compromise | C2: 11481 | D2: 2.85 | E2: 47.8 | F2: 1.65 | G2: 200 | H2: 300 | I2: 5 | J2: 3
A3: HY01 | B3: HY | C3: 12014 | D3: 2.89 | E3: 45 | F3: 1.7 | G3: 205 | H3: 270 | I3: 4 | J3: 1
A4: HY02 | B4: HY | C4: 12007 | D4: 2.87 | E4: 45.1 | F4: 1.7 | G4: 260 | H4: 330 | I4: 6 | J4: 3
A5: HY03 | B5: HY | C5: 11997 | D5: 2.95 | E5: 44.9 | F5: 1.7 | G5: 190 | H5: 360 | I5: 4 | J5: 3
A6: HY04 | B6: HY | C6: 11991 | D6: 2.96 | E6: 44.9 | F6: 1.7 | G6: 215 | H6: 300 | I6: 4 | J6: 4
A7: HY05 | B7: HY | C7: 11990 | D7: 2.86 | E7: 44.9 | F7: 1.71 | G7: 200 | H7: 270 | I7: 4 | J7: 3
A8: HY06 | B8: HY | C8: 11982 | D8: 2.92 | E8: 45 | F8: 1.7 | G8: 245 | H8: 360 | I8: 6 | J8: 3
A9: HY07 | B9: HY | C9: 11980 | D9: 2.86 | E9: 45 | F9: 1.71 | G9: 205 | H9: 270 | I9: 4 | J9: 3
A10: HY08 | B10: HY | C10: 11977 | D10: 2.98 | E10: 45 | F10: 1.7 | G10: 165 | H10: 330 | I10: 3 | J10: 2
A11: HY09 | B11: HY | C11: 11966 | D11: 2.92 | E11: 45.2 | F11: 1.7 | G11: 280 | H11: 360 | I11: 6 | J11: 3
A12: HY10 | B12: HY | C12: 11960 | D12: 2.92 | E12: 46 | F12: 1.7 | G12: 425 | H12: 360 | I12: 9 | J12: 5
A13: HY11 | B13: HY | C13: 11956 | D13: 2.95 | E13: 45.1 | F13: 1.7 | G13: 270 | H13: 360 | I13: 6 | J13: 3
... A18: HY16 | B18: HY | C18: 11836 | D18: 2.86 | E18: 47.2 | F18: 1.66 | G18: 215 | H18: 210 | I18: 5 | J18: 2

Sheet Candidate_Year_Results
A1: schedule_id | B1: candidate_type | C1: weather_year | D1: yield_kg_ha | E1: wpc_kg_m3 | F1: pen_kg_kg | G1: gnc_pct | H1: optimized_irrigation_excl_establishment_mm | I1: establishment_irrigation_mm | J1: total_irrigation_accounted_mm | K1: total_n_kg_ha | L1: optimized_irrigation_frequency_excl_establishment | M1: total_irrigation_frequency_accounted | N1: nitrogen_application_frequency | O1: simulation_status | P1: notes
A2: COMP | B2: Compromise | C2: 2019 | D2: 11599 | E2: 2.95 | F2: 45.6 | G2: 1.7 | H2: =IF(SUMIF(Candidate_Management!$A$2:$A$18,A2,Candidate_Management!$G$2:$G$18)=0,"",SUMIF(Candidate_Management!$A$2:$A$18,A2,Candidate_Management!$G$2:$G$18)) -> 200 | I2: =IF(H2="","",SUMIF(Farmer_Year_Results!$A$2:$A$6,C2,Farmer_Year_Results!$G$2:$G$6)) -> 45 | J2: =IF(H2="","",H2+I2) -> 245 | K2: =IF(SUMIF(Candidate_Management!$A$2:$A$18,A2,Candidate_Management!$H$2:$H$18)=0,"",SUMIF(Candidate_Management!$A$2:$A$18,A2,Candidate_Management!$H$2:$H$18)) -> 300 | L2: =IF(SUMIF(Candidate_Management!$A$2:$A$18,A2,Candidate_Management!$I$2:$I$18)=0,"",SUMIF(Candidate_Management!$A$2:$A$18,A2,Candidate_Management!$I$2:$I$18)) -> 5 | M2: =IF(L2="","",L2+1) -> 6 | N2: =IF(SUMIF(Candidate_Management!$A$2:$A$18,A2,Candidate_Management!$J$2:$J$18)=0,"",SUMIF(Candidate_Management!$A$2:$A$18,A2,Candidate_Management!$J$2:$J$18)) -> 3 | O2: OK
A3: COMP | B3: Compromise | C3: 2020 | D3: 11410 | E3: 2.89 | F3: 45 | G3: 1.65 | H3: =IF(SUMIF(Candidate_Management!$A$2:$A$18,A3,Candidate_Management!$G$2:$G$18)=0,"",SUMIF(Candidate_Management!$A$2:$A$18,A3,Candidate_Management!$G$2:$G$18)) -> 200 | I3: =IF(H3="","",SUMIF(Farmer_Year_Results!$A$2:$A$6,C3,Farmer_Year_Results!$G$2:$G$6)) -> 52 | J3: =IF(H3="","",H3+I3) -> 252 | K3: =IF(SUMIF(Candidate_Management!$A$2:$A$18,A3,Candidate_Management!$H$2:$H$18)=0,"",SUMIF(Candidate_Management!$A$2:$A$18,A3,Candidate_Management!$H$2:$H$18)) -> 300 | L3: =IF(SUMIF(Candidate_Management!$A$2:$A$18,A3,Candidate_Management!$I$2:$I$18)=0,"",SUMIF(Candidate_Management!$A$2:$A$18,A3,Candidate_Management!$I$2:$I$18)) -> 5 | M3: =IF(L3="","",L3+1) -> 6 | N3: =IF(SUMIF(Candidate_Management!$A$2:$A$18,A3,Candidate_Management!$J$2:$J$18)=0,"",SUMIF(Candidate_Management!$A$2:$A$18,A3,Candidate_Management!$J$2:$J$18)) -> 3 | O3: OK
A4: COMP | B4: Compromise | C4: 2021 | D4: 11335 | E4: 2.65 | F4: 46.5 | G4: 1.6 | H4: =IF(SUMIF(Candidate_Management!$A$2:$A$18,A4,Candidate_Management!$G$2:$G$18)=0,"",SUMIF(Candidate_Management!$A$2:$A$18,A4,Candidate_Management!$G$2:$G$18)) -> 200 | I4: =IF(H4="","",SUMIF(Farmer_Year_Results!$A$2:$A$6,C4,Farmer_Year_Results!$G$2:$G$6)) -> 58 | J4: =IF(H4="","",H4+I4) -> 258 | K4: =IF(SUMIF(Candidate_Management!$A$2:$A$18,A4,Candidate_Management!$H$2:$H$18)=0,"",SUMIF(Candidate_Management!$A$2:$A$18,A4,Candidate_Management!$H$2:$H$18)) -> 300 | L4: =IF(SUMIF(Candidate_Management!$A$2:$A$18,A4,Candidate_Management!$I$2:$I$18)=0,"",SUMIF(Candidate_Management!$A$2:$A$18,A4,Candidate_Management!$I$2:$I$18)) -> 5 | M4: =IF(L4="","",L4+1) -> 6 | N4: =IF(SUMIF(Candidate_Management!$A$2:$A$18,A4,Candidate_Management!$J$2:$J$18)=0,"",SUMIF(Candidate_Management!$A$2:$A$18,A4,Candidate_Management!$J$2:$J$18)) -> 3 | O4: OK
A5: COMP | B5: Compromise | C5: 2022 | D5: 11240 | E5: 2.58 | F5: 45.6 | G5: 1.58 | H5: =IF(SUMIF(Candidate_Management!$A$2:$A$18,A5,Candidate_Management!$G$2:$G$18)=0,"",SUMIF(Candidate_Management!$A$2:$A$18,A5,Candidate_Management!$G$2:$G$18)) -> 200 | I5: =IF(H5="","",SUMIF(Farmer_Year_Results!$A$2:$A$6,C5,Farmer_Year_Results!$G$2:$G$6)) -> 55 | J5: =IF(H5="","",H5+I5) -> 255 | K5: =IF(SUMIF(Candidate_Management!$A$2:$A$18,A5,Candidate_Management!$H$2:$H$18)=0,"",SUMIF(Candidate_Management!$A$2:$A$18,A5,Candidate_Management!$H$2:$H$18)) -> 300 | L5: =IF(SUMIF(Candidate_Management!$A$2:$A$18,A5,Candidate_Management!$I$2:$I$18)=0,"",SUMIF(Candidate_Management!$A$2:$A$18,A5,Candidate_Management!$I$2:$I$18)) -> 5 | M5: =IF(L5="","",L5+1) -> 6 | N5: =IF(SUMIF(Candidate_Management!$A$2:$A$18,A5,Candidate_Management!$J$2:$J$18)=0,"",SUMIF(Candidate_Management!$A$2:$A$18,A5,Candidate_Management!$J$2:$J$18)) -> 3 | O5: OK
A6: COMP | B6: Compromise | C6: 2023 | D6: 11715 | E6: 3.01 | F6: 44.5 | G6: 1.72 | H6: =IF(SUMIF(Candidate_Management!$A$2:$A$18,A6,Candidate_Management!$G$2:$G$18)=0,"",SUMIF(Candidate_Management!$A$2:$A$18,A6,Candidate_Management!$G$2:$G$18)) -> 200 | I6: =IF(H6="","",SUMIF(Farmer_Year_Results!$A$2:$A$6,C6,Farmer_Year_Results!$G$2:$G$6)) -> 65 | J6: =IF(H6="","",H6+I6) -> 265 | K6: =IF(SUMIF(Candidate_Management!$A$2:$A$18,A6,Candidate_Management!$H$2:$H$18)=0,"",SUMIF(Candidate_Management!$A$2:$A$18,A6,Candidate_Management!$H$2:$H$18)) -> 300 | L6: =IF(SUMIF(Candidate_Management!$A$2:$A$18,A6,Candidate_Management!$I$2:$I$18)=0,"",SUMIF(Candidate_Management!$A$2:$A$18,A6,Candidate_Management!$I$2:$I$18)) -> 5 | M6: =IF(L6="","",L6+1) -> 6 | N6: =IF(SUMIF(Candidate_Management!$A$2:$A$18,A6,Candidate_Management!$J$2:$J$18)=0,"",SUMIF(Candidate_Management!$A$2:$A$18,A6,Candidate_Management!$J$2:$J$18)) -> 3 | O6: OK
A7: HY01 | B7: HY | C7: 2019 | D7: 11990 | E7: 3.01 | F7: 45.09 | G7: 1.79 | H7: =IF(SUMIF(Candidate_Management!$A$2:$A$18,A7,Candidate_Management!$G$2:$G$18)=0,"",SUMIF(Candidate_Management!$A$2:$A$18,A7,Candidate_Management!$G$2:$G$18)) -> 205 | I7: =IF(H7="","",SUMIF(Farmer_Year_Results!$A$2:$A$6,C7,Farmer_Year_Results!$G$2:$G$6)) -> 45 | J7: =IF(H7="","",H7+I7) -> 250 | K7: =IF(SUMIF(Candidate_Management!$A$2:$A$18,A7,Candidate_Management!$H$2:$H$18)=0,"",SUMIF(Candidate_Management!$A$2:$A$18,A7,Candidate_Management!$H$2:$H$18)) -> 270 | L7: =IF(SUMIF(Candidate_Management!$A$2:$A$18,A7,Candidate_Management!$I$2:$I$18)=0,"",SUMIF(Candidate_Management!$A$2:$A$18,A7,Candidate_Management!$I$2:$I$18)) -> 4 | M7: =IF(L7="","",L7+1) -> 5 | N7: =IF(SUMIF(Candidate_Management!$A$2:$A$18,A7,Candidate_Management!$J$2:$J$18)=0,"",SUMIF(Candidate_Management!$A$2:$A$18,A7,Candidate_Management!$J$2:$J$18)) -> 1 | O7: OK
A8: HY01 | B8: HY | C8: 2020 | D8: 11995 | E8: 2.89 | F8: 44.4 | G8: 1.68 | H8: =IF(SUMIF(Candidate_Management!$A$2:$A$18,A8,Candidate_Management!$G$2:$G$18)=0,"",SUMIF(Candidate_Management!$A$2:$A$18,A8,Candidate_Management!$G$2:$G$18)) -> 205 | I8: =IF(H8="","",SUMIF(Farmer_Year_Results!$A$2:$A$6,C8,Farmer_Year_Results!$G$2:$G$6)) -> 52 | J8: =IF(H8="","",H8+I8) -> 257 | K8: =IF(SUMIF(Candidate_Management!$A$2:$A$18,A8,Candidate_Management!$H$2:$H$18)=0,"",SUMIF(Candidate_Management!$A$2:$A$18,A8,Candidate_Management!$H$2:$H$18)) -> 270 | L8: =IF(SUMIF(Candidate_Management!$A$2:$A$18,A8,Candidate_Management!$I$2:$I$18)=0,"",SUMIF(Candidate_Management!$A$2:$A$18,A8,Candidate_Management!$I$2:$I$18)) -> 4 | M8: =IF(L8="","",L8+1) -> 5 | N8: =IF(SUMIF(Candidate_Management!$A$2:$A$18,A8,Candidate_Management!$J$2:$J$18)=0,"",SUMIF(Candidate_Management!$A$2:$A$18,A8,Candidate_Management!$J$2:$J$18)) -> 1 | O8: OK
A9: HY01 | B9: HY | C9: 2021 | D9: 12001 | E9: 2.7 | F9: 46.08 | G9: 1.64 | H9: =IF(SUMIF(Candidate_Management!$A$2:$A$18,A9,Candidate_Management!$G$2:$G$18)=0,"",SUMIF(Candidate_Management!$A$2:$A$18,A9,Candidate_Management!$G$2:$G$18)) -> 205 | I9: =IF(H9="","",SUMIF(Farmer_Year_Results!$A$2:$A$6,C9,Farmer_Year_Results!$G$2:$G$6)) -> 58 | J9: =IF(H9="","",H9+I9) -> 263 | K9: =IF(SUMIF(Candidate_Management!$A$2:$A$18,A9,Candidate_Management!$H$2:$H$18)=0,"",SUMIF(Candidate_Management!$A$2:$A$18,A9,Candidate_Management!$H$2:$H$18)) -> 270 | L9: =IF(SUMIF(Candidate_Management!$A$2:$A$18,A9,Candidate_Management!$I$2:$I$18)=0,"",SUMIF(Candidate_Management!$A$2:$A$18,A9,Candidate_Management!$I$2:$I$18)) -> 4 | M9: =IF(L9="","",L9+1) -> 5 | N9: =IF(SUMIF(Candidate_Management!$A$2:$A$18,A9,Candidate_Management!$J$2:$J$18)=0,"",SUMIF(Candidate_Management!$A$2:$A$18,A9,Candidate_Management!$J$2:$J$18)) -> 1 | O9: OK
A10: HY01 | B10: HY | C10: 2022 | D10: 12010 | E10: 2.6 | F10: 45.09 | G10: 1.53 | H10: =IF(SUMIF(Candidate_Management!$A$2:$A$18,A10,Candidate_Management!$G$2:$G$18)=0,"",SUMIF(Candidate_Management!$A$2:$A$18,A10,Candidate_Management!$G$2:$G$18)) -> 205 | I10: =IF(H10="","",SUMIF(Farmer_Year_Results!$A$2:$A$6,C10,Farmer_Year_Results!$G$2:$G$6)) -> 55 | J10: =IF(H10="","",H10+I10) -> 260 | K10: =IF(SUMIF(Candidate_Management!$A$2:$A$18,A10,Candidate_Management!$H$2:$H$18)=0,"",SUMIF(Candidate_Management!$A$2:$A$18,A10,Candidate_Management!$H$2:$H$18)) -> 270 | L10: =IF(SUMIF(Candidate_Management!$A$2:$A$18,A10,Candidate_Management!$I$2:$I$18)=0,"",SUMIF(Candidate_Management!$A$2:$A$18,A10,Candidate_Management!$I$2:$I$18)) -> 4 | M10: =IF(L10="","",L10+1) -> 5 | N10: =IF(SUMIF(Candidate_Management!$A$2:$A$18,A10,Candidate_Management!$J$2:$J$18)=0,"",SUMIF(Candidate_Management!$A$2:$A$18,A10,Candidate_Management!$J$2:$J$18)) -> 1 | O10: OK
A11: HY01 | B11: HY | C11: 2023 | D11: 12020 | E11: 3.12 | F11: 44 | G11: 1.79 | H11: =IF(SUMIF(Candidate_Management!$A$2:$A$18,A11,Candidate_Management!$G$2:$G$18)=0,"",SUMIF(Candidate_Management!$A$2:$A$18,A11,Candidate_Management!$G$2:$G$18)) -> 205 | I11: =IF(H11="","",SUMIF(Farmer_Year_Results!$A$2:$A$6,C11,Farmer_Year_Results!$G$2:$G$6)) -> 65 | J11: =IF(H11="","",H11+I11) -> 270 | K11: =IF(SUMIF(Candidate_Management!$A$2:$A$18,A11,Candidate_Management!$H$2:$H$18)=0,"",SUMIF(Candidate_Management!$A$2:$A$18,A11,Candidate_Management!$H$2:$H$18)) -> 270 | L11: =IF(SUMIF(Candidate_Management!$A$2:$A$18,A11,Candidate_Management!$I$2:$I$18)=0,"",SUMIF(Candidate_Management!$A$2:$A$18,A11,Candidate_Management!$I$2:$I$18)) -> 4 | M11: =IF(L11="","",L11+1) -> 5 | N11: =IF(SUMIF(Candidate_Management!$A$2:$A$18,A11,Candidate_Management!$J$2:$J$18)=0,"",SUMIF(Candidate_Management!$A$2:$A$18,A11,Candidate_Management!$J$2:$J$18)) -> 1 | O11: OK
A12: HY02 | B12: HY | C12: 2019 | D12: 11974 | E12: 2.99 | F12: 45.2 | G12: 1.79 | H12: =IF(SUMIF(Candidate_Management!$A$2:$A$18,A12,Candidate_Management!$G$2:$G$18)=0,"",SUMIF(Candidate_Management!$A$2:$A$18,A12,Candidate_Management!$G$2:$G$18)) -> 260 | I12: =IF(H12="","",SUMIF(Farmer_Year_Results!$A$2:$A$6,C12,Farmer_Year_Results!$G$2:$G$6)) -> 45 | J12: =IF(H12="","",H12+I12) -> 305 | K12: =IF(SUMIF(Candidate_Management!$A$2:$A$18,A12,Candidate_Management!$H$2:$H$18)=0,"",SUMIF(Candidate_Management!$A$2:$A$18,A12,Candidate_Management!$H$2:$H$18)) -> 330 | L12: =IF(SUMIF(Candidate_Management!$A$2:$A$18,A12,Candidate_Management!$I$2:$I$18)=0,"",SUMIF(Candidate_Management!$A$2:$A$18,A12,Candidate_Management!$I$2:$I$18)) -> 6 | M12: =IF(L12="","",L12+1) -> 7 | N12: =IF(SUMIF(Candidate_Management!$A$2:$A$18,A12,Candidate_Management!$J$2:$J$18)=0,"",SUMIF(Candidate_Management!$A$2:$A$18,A12,Candidate_Management!$J$2:$J$18)) -> 3 | O12: OK
A13: HY02 | B13: HY | C13: 2020 | D13: 11980 | E13: 2.91 | F13: 44.6 | G13: 1.68 | H13: =IF(SUMIF(Candidate_Management!$A$2:$A$18,A13,Candidate_Management!$G$2:$G$18)=0,"",SUMIF(Candidate_Management!$A$2:$A$18,A13,Candidate_Management!$G$2:$G$18)) -> 260 | I13: =IF(H13="","",SUMIF(Farmer_Year_Results!$A$2:$A$6,C13,Farmer_Year_Results!$G$2:$G$6)) -> 52 | J13: =IF(H13="","",H13+I13) -> 312 | K13: =IF(SUMIF(Candidate_Management!$A$2:$A$18,A13,Candidate_Management!$H$2:$H$18)=0,"",SUMIF(Candidate_Management!$A$2:$A$18,A13,Candidate_Management!$H$2:$H$18)) -> 330 | L13: =IF(SUMIF(Candidate_Management!$A$2:$A$18,A13,Candidate_Management!$I$2:$I$18)=0,"",SUMIF(Candidate_Management!$A$2:$A$18,A13,Candidate_Management!$I$2:$I$18)) -> 6 | M13: =IF(L13="","",L13+1) -> 7 | N13: =IF(SUMIF(Candidate_Management!$A$2:$A$18,A13,Candidate_Management!$J$2:$J$18)=0,"",SUMIF(Candidate_Management!$A$2:$A$18,A13,Candidate_Management!$J$2:$J$18)) -> 3 | O13: OK
... A86: HY16 | B86: HY | C86: 2023 | D86: 11881 | E86: 3.13 | F86: 46.32 | G86: 1.76 | H86: =IF(SUMIF(Candidate_Management!$A$2:$A$18,A86,Candidate_Management!$G$2:$G$18)=0,"",SUMIF(Candidate_Management!$A$2:$A$18,A86,Candidate_Management!$G$2:$G$18)) -> 215 | I86: =IF(H86="","",SUMIF(Farmer_Year_Results!$A$2:$A$6,C86,Farmer_Year_Results!$G$2:$G$6)) -> 65 | J86: =IF(H86="","",H86+I86) -> 280 | K86: =IF(SUMIF(Candidate_Management!$A$2:$A$18,A86,Candidate_Management!$H$2:$H$18)=0,"",SUMIF(Candidate_Management!$A$2:$A$18,A86,Candidate_Management!$H$2:$H$18)) -> 210 | L86: =IF(SUMIF(Candidate_Management!$A$2:$A$18,A86,Candidate_Management!$I$2:$I$18)=0,"",SUMIF(Candidate_Management!$A$2:$A$18,A86,Candidate_Management!$I$2:$I$18)) -> 5 | M86: =IF(L86="","",L86+1) -> 6 | N86: =IF(SUMIF(Candidate_Management!$A$2:$A$18,A86,Candidate_Management!$J$2:$J$18)=0,"",SUMIF(Candidate_Management!$A$2:$A$18,A86,Candidate_Management!$J$2:$J$18)) -> 2 | O86: OK

Sheet Farmer_Year_Results
A1: weather_year | B1: yield_kg_ha | C1: wpc_kg_m3 | D1: pen_kg_kg | E1: gnc_pct | F1: total_irrigation_mm | G1: establishment_irrigation_mm | H1: total_n_kg_ha | I1: irrigation_frequency | J1: nitrogen_application_frequency | K1: simulation_status | L1: notes
A2: 2019 | B2: 11754 | C2: 2.59 | D2: 42 | E2: 1.7 | F2: 394 | G2: 45 | H2: 382 | I2: 8 | J2: 3 | K2: OK
A3: 2020 | B3: 11760 | C3: 2.49 | D3: 41.5 | E3: 1.6 | F3: 356 | G3: 52 | H3: 405 | I3: 6 | J3: 3 | K3: OK
A4: 2021 | B4: 11770 | C4: 2.3 | D4: 43 | E4: 1.55 | F4: 372 | G4: 58 | H4: 390 | I4: 6 | J4: 3 | K4: OK
A5: 2022 | B5: 11780 | C5: 2.2 | D5: 42 | E5: 1.45 | F5: 355 | G5: 55 | H5: 400 | I5: 6 | J5: 3 | K5: OK
A6: 2023 | B6: 11823 | C6: 2.71 | D6: 41 | E6: 1.7 | F6: 392 | G6: 65 | H6: 390 | I6: 7 | J6: 3 | K6: OK

Sheet Economic_Parameters
A1: parameter | B1: level | C1: value | D1: unit | E1: source_or_derivation | F1: notes
A2: maize_price | B2: Low | C2: 1.81 | D2: yuan/kg | E2: 80% of medium
A3: maize_price | B3: Medium | C3: 2.26 | D3: yuan/kg | E3: Regional market price
A4: maize_price | B4: High | C4: 2.71 | D4: yuan/kg | E4: 120% of medium
A5: N_cost | B5: Low | C5: 3.82 | D5: yuan/kg N | E5: 80% of medium
A6: N_cost | B6: Medium | C6: 4.78 | D6: yuan/kg N | E6: 2.20 yuan/kg urea divided by 0.46 | F6: Elemental-N basis
A7: N_cost | B7: High | C7: 5.74 | D7: yuan/kg N | E7: 120% of medium
A8: irrigation_electricity_cost | B8: Low | C8: 0.46 | D8: yuan/ha/mm | E8: 80% of medium
A9: irrigation_electricity_cost | B9: Medium | C9: 0.57 | D9: yuan/ha/mm | E9: 10 × 0.169 kWh/m3 × 0.338 yuan/kWh | F9: eta = 0.60
A10: irrigation_electricity_cost | B10: High | C10: 0.68 | D10: yuan/ha/mm | E10: 120% of medium
A11: irrigation_operation_cost | B11: Low | C11: 56.4 | D11: yuan/ha/event | E11: 80% of medium
A12: irrigation_operation_cost | B12: Medium | C12: 70.5 | D12: yuan/ha/event | E12: Baseline operation cost
A13: irrigation_operation_cost | B13: High | C13: 84.6 | D13: yuan/ha/event | E13: 120% of medium
A14: fertigation_operation_cost | B14: Low | C14: 12 | D14: yuan/ha/event | E14: 80% of medium
A15: fertigation_operation_cost | B15: Medium | C15: 15 | D15: yuan/ha/event | E15: Baseline additional fertigation cost
A16: fertigation_operation_cost | B16: High | C16: 18 | D16: yuan/ha/event | E16: 120% of medium
